order_id,customer_id,product_id,order_date,product_category,product_name,quantity,unit_price,total_price
1,103,6,2024-10-21 10:36:06.794895000,Clothing,Yoga Mat,2,487,974
2,180,52,2024-10-21 23:34:29.497597702,Electronics,Laptop,4,579,2316
3,93,26,2024-10-22 12:32:52.200300405,Electronics,Smartphone,3,890,2670
4,15,64,2024-10-23 01:31:14.903003108,Electronics,Football,2,986,1972
5,107,98,2024-10-23 14:29:37.605705810,Sports,Novel,4,937,3748
6,72,59,2024-10-24 03:28:00.308408513,Electronics,Headphones,1,439,439
7,189,56,2024-10-24 16:26:23.011111216,Sports,Novel,1,968,968
8,21,59,2024-10-25 05:24:45.713813918,Books,Laptop,4,439,1756
9,103,70,2024-10-25 18:23:08.416516621,Clothing,Yoga Mat,1,303,303
10,122,33,2024-10-26 07:21:31.119219324,Clothing,T-Shirt,4,260,1040
11,75,53,2024-10-26 20:19:53.821922027,Clothing,Headphones,3,639,1917
12,88,22,2024-10-27 09:18:16.524624729,Clothing,Sofa,4,491,1964
13,117,21,2024-10-27 22:16:39.227327432,Clothing,Table Lamp,3,868,2604
14,100,70,2024-10-28 11:15:01.930030135,Clothing,T-Shirt,2,776,1552
15,104,70,2024-10-29 00:13:24.632732837,Clothing,Table Lamp,4,674,2696
16,152,4,2024-10-29 13:11:47.335435540,Books,Football,2,633,1266
17,131,94,2024-10-30 02:10:10.038138243,Electronics,Smartphone,1,169,169
18,150,75,2024-10-30 15:08:32.740840946,Home,Headphones,3,992,2976
19,53,62,2024-10-31 04:06:55.443543648,Sports,Jeans,4,504,2016
20,2,62,2024-10-31 17:05:18.146246351,Home,Headphones,2,707,1414
21,88,94,2024-11-01 06:03:40.848949054,Home,Novel,3,774,2322
22,158,95,2024-11-01 19:02:03.551651756,Electronics,Yoga Mat,3,690,2070
23,38,24,2024-11-02 08:00:26.254354459,Electronics,Novel,1,616,616
24,130,55,2024-11-02 20:58:48.957057162,Electronics,Novel,1,927,927
25,192,9,2024-11-03 09:57:11.659759864,Clothing,Football,3,219,657
26,188,3,2024-11-03 22:55:34.362462567,Books,T-Shirt,3,913,2739
27,21,31,2024-11-04 11:53:57.065165270,Clothing,Jeans,4,789,3156
28,161,40,2024-11-05 00:52:19.767867973,Books,Jeans,3,787,2361
29,58,36,2024-11-05 13:50:42.470570675,Books,Novel,4,316,1264
30,22,24,2024-11-06 02:49:05.173273378,Home,Table Lamp,3,155,465
31,89,95,2024-11-06 15:47:27.875976081,Home,Football,1,465,465
32,49,6,2024-11-07 04:45:50.578678783,Books,Novel,4,798,3192
33,59,66,2024-11-07 17:44:13.281381486,Books,Smartphone,2,603,1206
34,170,84,2024-11-08 06:42:35.984084189,Clothing,Yoga Mat,1,843,843
35,188,92,2024-11-08 19:40:58.686786892,Clothing,T-Shirt,4,866,3464
36,15,75,2024-11-09 08:39:21.389489594,Home,Sofa,4,554,2216
37,190,4,2024-11-09 21:37:44.092192297,Electronics,Smartphone,2,203,406
38,190,79,2024-11-10 10:36:06.794895000,Books,Table Lamp,4,176,704
39,175,6,2024-11-10 23:34:29.497597702,Clothing,Headphones,3,329,987
40,190,94,2024-11-11 12:32:52.200300405,Home,Headphones,2,357,714
41,51,51,2024-11-12 01:31:14.903003108,Clothing,Smartphone,1,363,363
42,108,62,2024-11-12 14:29:37.605705810,Books,Novel,1,430,430
43,55,57,2024-11-13 03:28:00.308408513,Books,Sofa,3,281,843
44,64,66,2024-11-13 16:26:23.011111216,Sports,Laptop,1,992,992
45,131,79,2024-11-14 05:24:45.713813919,Electronics,Laptop,4,867,3468
46,51,75,2024-11-14 18:23:08.416516621,Sports,Table Lamp,4,649,2596
47,135,8,2024-11-15 07:21:31.119219324,Home,Novel,3,787,2361
48,21,26,2024-11-15 20:19:53.821922027,Clothing,Jeans,1,126,126
49,73,51,2024-11-16 09:18:16.524624729,Home,Jeans,1,375,375
50,167,45,2024-11-16 22:16:39.227327432,Books,T-Shirt,3,751,2253
51,18,44,2024-11-17 11:15:01.930030135,Sports,Sofa,2,398,796
52,132,5,2024-11-18 00:13:24.632732838,Sports,Sofa,1,898,898
53,89,70,2024-11-18 13:11:47.335435540,Sports,Headphones,2,190,380
54,60,26,2024-11-19 02:10:10.038138243,Home,Football,1,579,579
55,14,68,2024-11-19 15:08:32.740840946,Books,Table Lamp,1,672,672
56,9,19,2024-11-20 04:06:55.443543648,Clothing,Laptop,1,557,557
57,90,84,2024-11-20 17:05:18.146246351,Clothing,Table Lamp,1,550,550
58,53,97,2024-11-21 06:03:40.848949054,Home,Jeans,4,464,1856
59,130,20,2024-11-21 19:02:03.551651757,Sports,Jeans,2,958,1916
60,84,12,2024-11-22 08:00:26.254354459,Electronics,Smartphone,2,774,1548
61,92,47,2024-11-22 20:58:48.957057162,Home,T-Shirt,1,450,450
62,111,1,2024-11-23 09:57:11.659759865,Home,Sofa,1,754,754
63,188,90,2024-11-23 22:55:34.362462567,Books,Yoga Mat,2,499,998
64,199,14,2024-11-24 11:53:57.065165270,Clothing,Table Lamp,4,352,1408
65,172,64,2024-11-25 00:52:19.767867973,Home,Jeans,3,880,2640
66,8,38,2024-11-25 13:50:42.470570675,Home,Football,3,980,2940
67,175,37,2024-11-26 02:49:05.173273378,Sports,Headphones,2,902,1804
68,35,11,2024-11-26 15:47:27.875976081,Sports,Laptop,1,558,558
69,81,77,2024-11-27 04:45:50.578678784,Electronics,T-Shirt,1,798,798
70,164,3,2024-11-27 17:44:13.281381486,Books,Football,4,598,2392
71,50,33,2024-11-28 06:42:35.984084189,Electronics,T-Shirt,3,607,1821
72,104,6,2024-11-28 19:40:58.686786892,Sports,Smartphone,4,403,1612
73,132,50,2024-11-29 08:39:21.389489594,Clothing,Yoga Mat,3,600,1800
74,2,10,2024-11-29 21:37:44.092192297,Sports,Jeans,2,902,1804
75,134,5,2024-11-30 10:36:06.794895000,Books,Headphones,3,697,2091
76,54,23,2024-11-30 23:34:29.497597702,Sports,Football,4,265,1060
77,106,10,2024-12-01 12:32:52.200300405,Books,T-Shirt,4,514,2056
78,4,44,2024-12-02 01:31:14.903003108,Books,Sofa,4,561,2244
79,54,2,2024-12-02 14:29:37.605705811,Books,Smartphone,2,213,426
80,191,13,2024-12-03 03:28:00.308408513,Books,Sofa,3,532,1596
81,146,40,2024-12-03 16:26:23.011111216,Books,Headphones,3,455,1365
82,44,2,2024-12-04 05:24:45.713813919,Clothing,Football,4,794,3176
83,162,84,2024-12-04 18:23:08.416516621,Electronics,Smartphone,3,306,918
84,190,65,2024-12-05 07:21:31.119219324,Home,Football,1,867,867
85,14,63,2024-12-05 20:19:53.821922027,Electronics,Jeans,1,334,334
86,95,73,2024-12-06 09:18:16.524624730,Books,Novel,1,541,541
87,48,17,2024-12-06 22:16:39.227327432,Clothing,Smartphone,3,454,1362
88,15,9,2024-12-07 11:15:01.930030135,Sports,Sofa,2,614,1228
89,190,75,2024-12-08 00:13:24.632732838,Clothing,Headphones,2,307,614
90,40,15,2024-12-08 13:11:47.335435540,Books,Yoga Mat,2,808,1616
91,82,24,2024-12-09 02:10:10.038138243,Clothing,Jeans,2,952,1904
92,111,38,2024-12-09 15:08:32.740840946,Clothing,Novel,1,224,224
93,53,35,2024-12-10 04:06:55.443543648,Books,Yoga Mat,1,237,237
94,24,94,2024-12-10 17:05:18.146246351,Clothing,Laptop,4,438,1752
95,154,95,2024-12-11 06:03:40.848949054,Home,Jeans,3,636,1908
96,188,49,2024-12-11 19:02:03.551651757,Home,Headphones,3,167,501
97,124,69,2024-12-12 08:00:26.254354459,Clothing,T-Shirt,2,672,1344
98,41,62,2024-12-12 20:58:48.957057162,Sports,Smartphone,1,640,640
99,157,60,2024-12-13 09:57:11.659759865,Books,Football,2,482,964
100,15,50,2024-12-13 22:55:34.362462568,Home,Headphones,4,118,472
101,45,78,2024-12-14 11:53:57.065165270,Sports,Smartphone,3,782,2346
102,65,75,2024-12-15 00:52:19.767867973,Clothing,Yoga Mat,3,549,1647
103,89,9,2024-12-15 13:50:42.470570676,Sports,Football,2,173,346
104,71,34,2024-12-16 02:49:05.173273378,Electronics,Table Lamp,4,672,2688
105,9,76,2024-12-16 15:47:27.875976081,Home,Sofa,3,764,2292
106,88,99,2024-12-17 04:45:50.578678784,Clothing,Laptop,4,375,1500
107,129,35,2024-12-17 17:44:13.281381487,Books,Jeans,4,147,588
108,136,1,2024-12-18 06:42:35.984084189,Clothing,Headphones,2,310,620
109,63,40,2024-12-18 19:40:58.686786892,Books,Laptop,1,954,954
110,139,64,2024-12-19 08:39:21.389489595,Clothing,T-Shirt,2,750,1500
111,81,22,2024-12-19 21:37:44.092192297,Sports,Smartphone,1,721,721
112,136,60,2024-12-20 10:36:06.794895000,Sports,Smartphone,4,794,3176
113,163,64,2024-12-20 23:34:29.497597703,Sports,Headphones,1,639,639
114,163,93,2024-12-21 12:32:52.200300405,Electronics,Novel,4,808,3232
115,33,72,2024-12-22 01:31:14.903003108,Books,Novel,3,290,870
116,123,11,2024-12-22 14:29:37.605705811,Sports,Table Lamp,3,414,1242
117,5,14,2024-12-23 03:28:00.308408514,Electronics,Sofa,3,662,1986
118,41,60,2024-12-23 16:26:23.011111216,Books,Football,2,760,1520
119,28,30,2024-12-24 05:24:45.713813919,Clothing,T-Shirt,2,879,1758
120,135,35,2024-12-24 18:23:08.416516622,Electronics,Laptop,4,661,2644
121,72,85,2024-12-25 07:21:31.119219324,Home,Novel,3,999,2997
122,12,37,2024-12-25 20:19:53.821922027,Electronics,Table Lamp,2,857,1714
123,162,5,2024-12-26 09:18:16.524624730,Electronics,Table Lamp,3,212,636
124,33,83,2024-12-26 22:16:39.227327432,Books,Headphones,2,269,538
125,48,78,2024-12-27 11:15:01.930030135,Clothing,T-Shirt,1,567,567
126,151,26,2024-12-28 00:13:24.632732838,Home,Yoga Mat,1,777,777
127,62,62,2024-12-28 13:11:47.335435541,Sports,Football,3,113,339
128,37,4,2024-12-29 02:10:10.038138243,Sports,Sofa,4,814,3256
129,99,89,2024-12-29 15:08:32.740840946,Electronics,Jeans,2,387,774
130,172,42,2024-12-30 04:06:55.443543649,Books,Headphones,2,288,576
131,104,89,2024-12-30 17:05:18.146246351,Books,Football,1,254,254
132,35,18,2024-12-31 06:03:40.848949054,Sports,Jeans,1,666,666
133,193,40,2024-12-31 19:02:03.551651757,Home,Jeans,4,793,3172
134,101,72,2025-01-01 08:00:26.254354460,Clothing,T-Shirt,4,821,3284
135,175,39,2025-01-01 20:58:48.957057162,Home,T-Shirt,4,987,3948
136,131,14,2025-01-02 09:57:11.659759865,Clothing,Laptop,3,570,1710
137,1,32,2025-01-02 22:55:34.362462568,Sports,Table Lamp,1,174,174
138,5,51,2025-01-03 11:53:57.065165270,Clothing,Football,3,376,1128
139,142,38,2025-01-04 00:52:19.767867973,Books,Headphones,1,744,744
140,103,97,2025-01-04 13:50:42.470570676,Electronics,Smartphone,1,442,442
141,27,23,2025-01-05 02:49:05.173273378,Electronics,Headphones,2,524,1048
142,137,63,2025-01-05 15:47:27.875976081,Sports,Laptop,1,670,670
143,15,15,2025-01-06 04:45:50.578678784,Books,Sofa,1,610,610
144,90,97,2025-01-06 17:44:13.281381487,Home,Table Lamp,3,956,2868
145,42,25,2025-01-07 06:42:35.984084189,Books,Smartphone,1,281,281
146,124,17,2025-01-07 19:40:58.686786892,Electronics,Novel,3,557,1671
147,179,97,2025-01-08 08:39:21.389489595,Electronics,Sofa,4,950,3800
148,63,66,2025-01-08 21:37:44.092192297,Books,T-Shirt,1,932,932
149,96,78,2025-01-09 10:36:06.794895000,Books,Jeans,1,163,163
150,52,53,2025-01-09 23:34:29.497597703,Electronics,Novel,3,938,2814
151,96,51,2025-01-10 12:32:52.200300405,Home,Headphones,4,359,1436
152,132,39,2025-01-11 01:31:14.903003108,Sports,Headphones,2,292,584
153,151,51,2025-01-11 14:29:37.605705811,Sports,T-Shirt,4,754,3016
154,143,70,2025-01-12 03:28:00.308408514,Books,Laptop,3,715,2145
155,171,6,2025-01-12 16:26:23.011111216,Sports,Football,4,505,2020
156,29,67,2025-01-13 05:24:45.713813919,Electronics,Novel,3,825,2475
157,36,7,2025-01-13 18:23:08.416516622,Electronics,Novel,3,853,2559
158,13,51,2025-01-14 07:21:31.119219324,Books,Yoga Mat,2,820,1640
159,160,72,2025-01-14 20:19:53.821922027,Books,Sofa,1,192,192
160,71,42,2025-01-15 09:18:16.524624730,Books,Table Lamp,3,529,1587
161,187,64,2025-01-15 22:16:39.227327432,Home,Sofa,3,753,2259
162,86,15,2025-01-16 11:15:01.930030135,Sports,Football,2,533,1066
163,28,29,2025-01-17 00:13:24.632732838,Books,Headphones,3,503,1509
164,66,33,2025-01-17 13:11:47.335435541,Clothing,Headphones,1,533,533
165,170,94,2025-01-18 02:10:10.038138243,Clothing,Headphones,2,211,422
166,45,27,2025-01-18 15:08:32.740840946,Electronics,Yoga Mat,1,474,474
167,62,36,2025-01-19 04:06:55.443543649,Sports,Headphones,1,158,158
168,185,29,2025-01-19 17:05:18.146246351,Books,Football,2,142,284
169,134,38,2025-01-20 06:03:40.848949054,Clothing,T-Shirt,3,306,918
170,28,57,2025-01-20 19:02:03.551651757,Sports,Table Lamp,1,879,879
171,28,97,2025-01-21 08:00:26.254354460,Electronics,Football,1,395,395
172,108,27,2025-01-21 20:58:48.957057162,Home,Table Lamp,1,217,217
173,44,55,2025-01-22 09:57:11.659759865,Sports,Football,1,631,631
174,84,33,2025-01-22 22:55:34.362462568,Sports,Headphones,2,321,642
175,30,68,2025-01-23 11:53:57.065165270,Home,T-Shirt,2,265,530
176,190,86,2025-01-24 00:52:19.767867973,Sports,Novel,4,742,2968
177,75,66,2025-01-24 13:50:42.470570676,Electronics,Sofa,4,255,1020
178,128,10,2025-01-25 02:49:05.173273378,Electronics,Jeans,1,283,283
179,92,5,2025-01-25 15:47:27.875976081,Home,T-Shirt,3,189,567
180,190,74,2025-01-26 04:45:50.578678784,Books,Novel,1,193,193
181,129,97,2025-01-26 17:44:13.281381487,Clothing,Laptop,3,112,336
182,121,38,2025-01-27 06:42:35.984084189,Books,Football,1,933,933
183,27,13,2025-01-27 19:40:58.686786892,Sports,Laptop,4,904,3616
184,190,31,2025-01-28 08:39:21.389489595,Clothing,Novel,4,841,3364
185,121,47,2025-01-28 21:37:44.092192297,Home,T-Shirt,3,933,2799
186,116,88,2025-01-29 10:36:06.794895000,Home,Football,1,903,903
187,3,52,2025-01-29 23:34:29.497597703,Clothing,Jeans,3,537,1611
188,103,56,2025-01-30 12:32:52.200300405,Electronics,Headphones,4,637,2548
189,198,15,2025-01-31 01:31:14.903003108,Clothing,Football,1,686,686
190,155,29,2025-01-31 14:29:37.605705811,Sports,Football,1,975,975
191,137,8,2025-02-01 03:28:00.308408514,Electronics,T-Shirt,3,910,2730
192,62,5,2025-02-01 16:26:23.011111216,Home,T-Shirt,2,249,498
193,165,29,2025-02-02 05:24:45.713813919,Clothing,Novel,3,759,2277
194,51,47,2025-02-02 18:23:08.416516622,Books,Smartphone,4,107,428
195,172,68,2025-02-03 07:21:31.119219324,Books,Football,4,128,512
196,152,76,2025-02-03 20:19:53.821922028,Sports,Sofa,4,395,1580
197,59,45,2025-02-04 09:18:16.524624730,Books,Football,4,820,3280
198,118,2,2025-02-04 22:16:39.227327432,Clothing,Novel,4,739,2956
199,160,27,2025-02-05 11:15:01.930030136,Clothing,Table Lamp,2,439,878
200,96,95,2025-02-06 00:13:24.632732838,Books,Laptop,1,727,727
201,180,36,2025-02-06 13:11:47.335435540,Clothing,Headphones,3,538,1614
202,113,36,2025-02-07 02:10:10.038138244,Sports,Smartphone,3,243,729
203,62,26,2025-02-07 15:08:32.740840946,Electronics,Jeans,4,929,3716
204,186,43,2025-02-08 04:06:55.443543648,Sports,Jeans,3,846,2538
205,52,27,2025-02-08 17:05:18.146246352,Sports,Jeans,4,618,2472
206,12,69,2025-02-09 06:03:40.848949054,Clothing,T-Shirt,2,144,288
207,39,20,2025-02-09 19:02:03.551651756,Electronics,Jeans,2,338,676
208,130,11,2025-02-10 08:00:26.254354460,Clothing,Headphones,1,254,254
209,131,74,2025-02-10 20:58:48.957057162,Home,Laptop,2,280,560
210,113,38,2025-02-11 09:57:11.659759864,Clothing,Jeans,2,314,628
211,101,6,2025-02-11 22:55:34.362462568,Clothing,Football,1,187,187
212,113,72,2025-02-12 11:53:57.065165270,Clothing,Football,3,355,1065
213,184,23,2025-02-13 00:52:19.767867974,Electronics,T-Shirt,4,610,2440
214,81,47,2025-02-13 13:50:42.470570676,Clothing,Headphones,4,172,688
215,187,90,2025-02-14 02:49:05.173273378,Electronics,Laptop,3,278,834
216,113,46,2025-02-14 15:47:27.875976082,Books,Smartphone,1,311,311
217,2,12,2025-02-15 04:45:50.578678784,Home,Novel,3,904,2712
218,130,90,2025-02-15 17:44:13.281381486,Electronics,Laptop,2,333,666
219,54,13,2025-02-16 06:42:35.984084190,Books,Novel,1,564,564
220,87,62,2025-02-16 19:40:58.686786892,Electronics,Table Lamp,1,850,850
221,129,82,2025-02-17 08:39:21.389489594,Electronics,Novel,1,322,322
222,147,89,2025-02-17 21:37:44.092192298,Home,Sofa,4,730,2920
223,126,97,2025-02-18 10:36:06.794895000,Sports,Football,3,924,2772
224,130,60,2025-02-18 23:34:29.497597702,Sports,Headphones,1,363,363
225,53,43,2025-02-19 12:32:52.200300406,Electronics,Yoga Mat,1,306,306
226,172,76,2025-02-20 01:31:14.903003108,Clothing,T-Shirt,1,706,706
227,160,68,2025-02-20 14:29:37.605705810,Books,Sofa,3,984,2952
228,198,5,2025-02-21 03:28:00.308408514,Clothing,Novel,4,833,3332
229,160,37,2025-02-21 16:26:23.011111216,Clothing,Jeans,2,465,930
230,68,72,2025-02-22 05:24:45.713813920,Electronics,Headphones,4,375,1500
231,183,92,2025-02-22 18:23:08.416516622,Electronics,Sofa,1,479,479
232,184,31,2025-02-23 07:21:31.119219324,Electronics,T-Shirt,4,842,3368
233,123,9,2025-02-23 20:19:53.821922028,Electronics,Football,4,408,1632
234,145,51,2025-02-24 09:18:16.524624730,Sports,Headphones,2,730,1460
235,38,29,2025-02-24 22:16:39.227327432,Electronics,T-Shirt,3,367,1101
236,24,78,2025-02-25 11:15:01.930030136,Sports,Table Lamp,3,884,2652
237,69,40,2025-02-26 00:13:24.632732838,Sports,Table Lamp,4,163,652
238,116,41,2025-02-26 13:11:47.335435540,Electronics,T-Shirt,4,909,3636
239,98,86,2025-02-27 02:10:10.038138244,Home,Sofa,3,449,1347
240,198,11,2025-02-27 15:08:32.740840946,Books,Headphones,3,593,1779
241,139,23,2025-02-28 04:06:55.443543648,Clothing,Sofa,2,622,1244
242,144,1,2025-02-28 17:05:18.146246352,Sports,Smartphone,1,197,197
243,97,46,2025-03-01 06:03:40.848949054,Books,Novel,4,170,680
244,124,21,2025-03-01 19:02:03.551651756,Home,Smartphone,3,463,1389
245,187,90,2025-03-02 08:00:26.254354460,Clothing,Table Lamp,4,669,2676
246,70,36,2025-03-02 20:58:48.957057162,Clothing,Football,4,901,3604
247,93,54,2025-03-03 09:57:11.659759864,Sports,Laptop,3,862,2586
248,3,87,2025-03-03 22:55:34.362462568,Electronics,Novel,2,375,750
249,148,57,2025-03-04 11:53:57.065165270,Home,Table Lamp,4,149,596
250,187,1,2025-03-05 00:52:19.767867974,Sports,Sofa,2,457,914
251,164,63,2025-03-05 13:50:42.470570676,Home,Sofa,3,827,2481
252,147,54,2025-03-06 02:49:05.173273378,Electronics,Sofa,1,663,663
253,90,55,2025-03-06 15:47:27.875976082,Electronics,Football,1,882,882
254,195,40,2025-03-07 04:45:50.578678784,Sports,Smartphone,4,584,2336
255,147,15,2025-03-07 17:44:13.281381486,Electronics,Laptop,3,183,549
256,148,21,2025-03-08 06:42:35.984084190,Books,Sofa,2,998,1996
257,96,47,2025-03-08 19:40:58.686786892,Clothing,Yoga Mat,4,904,3616
258,199,73,2025-03-09 08:39:21.389489594,Sports,Novel,3,737,2211
259,52,53,2025-03-09 21:37:44.092192298,Home,Headphones,3,907,2721
260,161,9,2025-03-10 10:36:06.794895000,Books,Yoga Mat,2,683,1366
261,168,74,2025-03-10 23:34:29.497597702,Sports,Laptop,4,395,1580
262,128,52,2025-03-11 12:32:52.200300406,Electronics,Football,3,335,1005
263,39,57,2025-03-12 01:31:14.903003108,Electronics,Laptop,3,155,465
264,82,26,2025-03-12 14:29:37.605705810,Electronics,Headphones,3,459,1377
265,104,41,2025-03-13 03:28:00.308408514,Electronics,Novel,2,209,418
266,129,35,2025-03-13 16:26:23.011111216,Home,Headphones,4,291,1164
267,11,63,2025-03-14 05:24:45.713813920,Books,T-Shirt,4,192,768
268,185,25,2025-03-14 18:23:08.416516622,Clothing,Novel,4,961,3844
269,178,90,2025-03-15 07:21:31.119219324,Home,Laptop,4,667,2668
270,151,75,2025-03-15 20:19:53.821922028,Home,Sofa,1,159,159
271,159,38,2025-03-16 09:18:16.524624730,Clothing,Laptop,1,749,749
272,42,2,2025-03-16 22:16:39.227327432,Clothing,Laptop,4,138,552
273,99,7,2025-03-17 11:15:01.930030136,Electronics,Novel,2,639,1278
274,7,82,2025-03-18 00:13:24.632732838,Home,T-Shirt,1,148,148
275,144,91,2025-03-18 13:11:47.335435540,Sports,Laptop,3,519,1557
276,90,34,2025-03-19 02:10:10.038138244,Clothing,Yoga Mat,1,736,736
277,112,91,2025-03-19 15:08:32.740840946,Clothing,Table Lamp,3,112,336
278,60,17,2025-03-20 04:06:55.443543648,Books,Jeans,4,135,540
279,113,43,2025-03-20 17:05:18.146246352,Sports,Jeans,1,200,200
280,2,59,2025-03-21 06:03:40.848949054,Sports,Laptop,2,893,1786
281,129,51,2025-03-21 19:02:03.551651756,Clothing,Yoga Mat,1,185,185
282,48,54,2025-03-22 08:00:26.254354460,Electronics,Sofa,1,615,615
283,140,24,2025-03-22 20:58:48.957057162,Books,Football,1,322,322
284,197,25,2025-03-23 09:57:11.659759864,Sports,Football,4,437,1748
285,37,71,2025-03-23 22:55:34.362462568,Clothing,Novel,2,265,530
286,160,52,2025-03-24 11:53:57.065165270,Sports,Jeans,1,482,482
287,9,70,2025-03-25 00:52:19.767867974,Books,Laptop,2,955,1910
288,99,88,2025-03-25 13:50:42.470570676,Books,Football,4,994,3976
289,147,33,2025-03-26 02:49:05.173273378,Home,Laptop,3,475,1425
290,48,49,2025-03-26 15:47:27.875976082,Clothing,Novel,1,570,570
291,131,29,2025-03-27 04:45:50.578678784,Books,Jeans,2,889,1778
292,148,63,2025-03-27 17:44:13.281381486,Home,Headphones,2,741,1482
293,152,22,2025-03-28 06:42:35.984084190,Home,Table Lamp,4,130,520
294,54,26,2025-03-28 19:40:58.686786892,Sports,Table Lamp,1,474,474
295,120,28,2025-03-29 08:39:21.389489594,Sports,Football,3,110,330
296,161,85,2025-03-29 21:37:44.092192298,Home,Table Lamp,2,401,802
297,152,49,2025-03-30 10:36:06.794895000,Sports,Headphones,1,195,195
298,116,71,2025-03-30 23:34:29.497597702,Books,Laptop,3,289,867
299,75,81,2025-03-31 12:32:52.200300406,Electronics,Novel,2,552,1104
300,113,84,2025-04-01 01:31:14.903003108,Books,Headphones,2,291,582
301,164,49,2025-04-01 14:29:37.605705810,Home,Novel,3,585,1755
302,166,20,2025-04-02 03:28:00.308408514,Home,Novel,3,365,1095
303,104,86,2025-04-02 16:26:23.011111216,Books,Jeans,4,523,2092
304,84,92,2025-04-03 05:24:45.713813920,Sports,Laptop,1,227,227
305,112,63,2025-04-03 18:23:08.416516622,Sports,Yoga Mat,1,337,337
306,99,61,2025-04-04 07:21:31.119219324,Home,Table Lamp,4,454,1816
307,153,49,2025-04-04 20:19:53.821922028,Clothing,Yoga Mat,2,211,422
308,93,71,2025-04-05 09:18:16.524624730,Sports,Jeans,3,927,2781
309,146,1,2025-04-05 22:16:39.227327432,Books,Novel,3,545,1635
310,128,96,2025-04-06 11:15:01.930030136,Sports,Football,3,442,1326
311,110,13,2025-04-07 00:13:24.632732838,Books,Table Lamp,2,244,488
312,82,94,2025-04-07 13:11:47.335435540,Home,Table Lamp,3,164,492
313,194,87,2025-04-08 02:10:10.038138244,Sports,Laptop,3,346,1038
314,54,51,2025-04-08 15:08:32.740840946,Books,T-Shirt,4,834,3336
315,163,56,2025-04-09 04:06:55.443543648,Home,Smartphone,2,589,1178
316,189,83,2025-04-09 17:05:18.146246352,Clothing,Smartphone,1,924,924
317,169,62,2025-04-10 06:03:40.848949054,Books,Smartphone,4,538,2152
318,161,32,2025-04-10 19:02:03.551651756,Clothing,T-Shirt,4,205,820
319,68,30,2025-04-11 08:00:26.254354460,Clothing,Laptop,1,280,280
320,33,29,2025-04-11 20:58:48.957057162,Electronics,T-Shirt,4,283,1132
321,142,49,2025-04-12 09:57:11.659759864,Sports,Smartphone,2,325,650
322,21,45,2025-04-12 22:55:34.362462568,Books,Jeans,3,876,2628
323,48,93,2025-04-13 11:53:57.065165270,Clothing,Headphones,2,889,1778
324,148,30,2025-04-14 00:52:19.767867974,Electronics,Novel,1,188,188
325,128,16,2025-04-14 13:50:42.470570676,Home,T-Shirt,1,787,787
326,136,40,2025-04-15 02:49:05.173273378,Books,Laptop,4,629,2516
327,135,19,2025-04-15 15:47:27.875976082,Clothing,Laptop,2,470,940
328,195,18,2025-04-16 04:45:50.578678784,Sports,Yoga Mat,2,498,996
329,145,1,2025-04-16 17:44:13.281381486,Electronics,Headphones,1,205,205
330,128,78,2025-04-17 06:42:35.984084190,Clothing,Football,2,370,740
331,33,47,2025-04-17 19:40:58.686786892,Sports,Table Lamp,1,930,930
332,176,66,2025-04-18 08:39:21.389489594,Clothing,Smartphone,2,602,1204
333,187,92,2025-04-18 21:37:44.092192298,Books,Football,2,778,1556
334,115,94,2025-04-19 10:36:06.794895000,Books,Yoga Mat,2,624,1248
335,119,38,2025-04-19 23:34:29.497597702,Books,Smartphone,1,948,948
336,22,51,2025-04-20 12:32:52.200300406,Electronics,Headphones,4,131,524
337,158,63,2025-04-21 01:31:14.903003108,Books,Yoga Mat,2,492,984
338,38,4,2025-04-21 14:29:37.605705810,Sports,Smartphone,1,139,139
339,109,1,2025-04-22 03:28:00.308408514,Clothing,Headphones,1,759,759
340,51,8,2025-04-22 16:26:23.011111216,Home,Sofa,2,317,634
341,182,29,2025-04-23 05:24:45.713813920,Sports,Football,2,830,1660
342,8,55,2025-04-23 18:23:08.416516622,Sports,Football,4,181,724
343,27,3,2025-04-24 07:21:31.119219324,Books,Table Lamp,1,944,944
344,27,32,2025-04-24 20:19:53.821922028,Electronics,Headphones,1,819,819
345,21,10,2025-04-25 09:18:16.524624730,Clothing,T-Shirt,3,300,900
346,30,74,2025-04-25 22:16:39.227327432,Electronics,Sofa,1,546,546
347,97,83,2025-04-26 11:15:01.930030136,Clothing,Jeans,4,943,3772
348,28,34,2025-04-27 00:13:24.632732838,Clothing,Smartphone,3,527,1581
349,111,97,2025-04-27 13:11:47.335435540,Electronics,Sofa,3,137,411
350,192,87,2025-04-28 02:10:10.038138244,Sports,Headphones,3,310,930
351,197,55,2025-04-28 15:08:32.740840946,Clothing,Novel,2,543,1086
352,61,92,2025-04-29 04:06:55.443543648,Electronics,Smartphone,2,426,852
353,48,32,2025-04-29 17:05:18.146246352,Clothing,Laptop,1,860,860
354,147,50,2025-04-30 06:03:40.848949054,Home,Football,3,326,978
355,4,7,2025-04-30 19:02:03.551651756,Sports,Headphones,4,147,588
356,35,93,2025-05-01 08:00:26.254354460,Books,Laptop,2,117,234
357,192,8,2025-05-01 20:58:48.957057162,Clothing,Table Lamp,4,538,2152
358,49,65,2025-05-02 09:57:11.659759866,Home,Yoga Mat,4,906,3624
359,17,57,2025-05-02 22:55:34.362462568,Books,Jeans,2,807,1614
360,172,67,2025-05-03 11:53:57.065165270,Books,Jeans,2,286,572
361,158,88,2025-05-04 00:52:19.767867974,Clothing,Laptop,2,444,888
362,46,87,2025-05-04 13:50:42.470570676,Electronics,Football,2,323,646
363,117,59,2025-05-05 02:49:05.173273378,Clothing,Table Lamp,3,929,2787
364,6,72,2025-05-05 15:47:27.875976082,Home,Novel,3,587,1761
365,99,54,2025-05-06 04:45:50.578678784,Books,Football,3,976,2928
366,124,67,2025-05-06 17:44:13.281381486,Clothing,Sofa,3,948,2844
367,37,51,2025-05-07 06:42:35.984084190,Electronics,Jeans,1,328,328
368,24,97,2025-05-07 19:40:58.686786892,Clothing,Sofa,3,489,1467
369,93,92,2025-05-08 08:39:21.389489594,Sports,Smartphone,2,688,1376
370,46,8,2025-05-08 21:37:44.092192298,Electronics,T-Shirt,4,287,1148
371,181,34,2025-05-09 10:36:06.794895000,Home,Headphones,3,957,2871
372,95,35,2025-05-09 23:34:29.497597702,Books,Table Lamp,1,369,369
373,99,96,2025-05-10 12:32:52.200300406,Clothing,Football,2,706,1412
374,188,88,2025-05-11 01:31:14.903003108,Electronics,Jeans,4,409,1636
375,116,78,2025-05-11 14:29:37.605705810,Sports,Sofa,4,231,924
376,191,32,2025-05-12 03:28:00.308408514,Electronics,Yoga Mat,3,650,1950
377,160,46,2025-05-12 16:26:23.011111216,Sports,Smartphone,4,171,684
378,161,16,2025-05-13 05:24:45.713813920,Home,Headphones,3,892,2676
379,67,68,2025-05-13 18:23:08.416516622,Books,Headphones,3,944,2832
380,128,37,2025-05-14 07:21:31.119219324,Home,Football,2,771,1542
381,18,54,2025-05-14 20:19:53.821922028,Clothing,Table Lamp,2,286,572
382,25,85,2025-05-15 09:18:16.524624730,Electronics,Novel,1,585,585
383,54,14,2025-05-15 22:16:39.227327432,Sports,Yoga Mat,2,290,580
384,58,95,2025-05-16 11:15:01.930030136,Sports,Football,2,521,1042
385,67,55,2025-05-17 00:13:24.632732838,Electronics,Sofa,3,219,657
386,104,48,2025-05-17 13:11:47.335435540,Electronics,T-Shirt,2,319,638
387,174,82,2025-05-18 02:10:10.038138244,Clothing,Laptop,3,152,456
388,24,7,2025-05-18 15:08:32.740840948,Home,Novel,3,833,2499
389,114,74,2025-05-19 04:06:55.443543648,Sports,Table Lamp,2,550,1100
390,32,7,2025-05-19 17:05:18.146246352,Clothing,Smartphone,1,511,511
391,175,33,2025-05-20 06:03:40.848949056,Home,Novel,1,742,742
392,86,23,2025-05-20 19:02:03.551651756,Clothing,Jeans,4,336,1344
393,151,85,2025-05-21 08:00:26.254354460,Sports,Table Lamp,4,857,3428
394,194,19,2025-05-21 20:58:48.957057164,Electronics,T-Shirt,2,837,1674
395,127,19,2025-05-22 09:57:11.659759864,Electronics,Jeans,1,819,819
396,155,36,2025-05-22 22:55:34.362462568,Home,Novel,3,505,1515
397,130,29,2025-05-23 11:53:57.065165272,Books,Laptop,4,707,2828
398,17,60,2025-05-24 00:52:19.767867972,Home,Laptop,3,521,1563
399,104,82,2025-05-24 13:50:42.470570676,Books,T-Shirt,4,811,3244
400,161,2,2025-05-25 02:49:05.173273380,Clothing,Headphones,2,346,692
401,137,1,2025-05-25 15:47:27.875976080,Clothing,Yoga Mat,1,171,171
402,43,47,2025-05-26 04:45:50.578678784,Sports,Smartphone,4,929,3716
403,176,69,2025-05-26 17:44:13.281381488,Books,Headphones,1,284,284
404,39,20,2025-05-27 06:42:35.984084188,Sports,Laptop,3,105,315
405,170,11,2025-05-27 19:40:58.686786892,Electronics,Laptop,2,305,610
406,26,2,2025-05-28 08:39:21.389489596,Books,Sofa,1,643,643
407,99,67,2025-05-28 21:37:44.092192296,Home,Jeans,2,710,1420
408,50,87,2025-05-29 10:36:06.794895000,Electronics,Novel,1,486,486
409,153,12,2025-05-29 23:34:29.497597704,Electronics,Smartphone,3,867,2601
410,152,20,2025-05-30 12:32:52.200300404,Home,T-Shirt,3,798,2394
411,13,5,2025-05-31 01:31:14.903003108,Electronics,Novel,2,175,350
412,60,37,2025-05-31 14:29:37.605705812,Books,Sofa,3,276,828
413,135,38,2025-06-01 03:28:00.308408512,Sports,Laptop,4,926,3704
414,57,94,2025-06-01 16:26:23.011111216,Electronics,T-Shirt,1,898,898
415,36,9,2025-06-02 05:24:45.713813920,Books,Laptop,3,448,1344
416,173,98,2025-06-02 18:23:08.416516620,Clothing,Smartphone,4,354,1416
417,20,53,2025-06-03 07:21:31.119219324,Books,Jeans,2,936,1872
418,65,44,2025-06-03 20:19:53.821922028,Sports,Novel,4,801,3204
419,8,99,2025-06-04 09:18:16.524624728,Books,Novel,2,407,814
420,144,86,2025-06-04 22:16:39.227327432,Home,Headphones,2,444,888
421,142,24,2025-06-05 11:15:01.930030136,Sports,T-Shirt,1,226,226
422,115,81,2025-06-06 00:13:24.632732840,Clothing,Yoga Mat,1,386,386
423,143,74,2025-06-06 13:11:47.335435540,Home,Sofa,4,865,3460
424,92,30,2025-06-07 02:10:10.038138244,Books,Yoga Mat,1,824,824
425,98,59,2025-06-07 15:08:32.740840948,Sports,Headphones,1,861,861
426,66,87,2025-06-08 04:06:55.443543648,Clothing,Smartphone,1,695,695
427,32,96,2025-06-08 17:05:18.146246352,Home,Sofa,4,586,2344
428,191,81,2025-06-09 06:03:40.848949056,Clothing,Jeans,3,482,1446
429,86,81,2025-06-09 19:02:03.551651756,Books,Yoga Mat,1,505,505
430,51,14,2025-06-10 08:00:26.254354460,Clothing,Jeans,1,487,487
431,153,9,2025-06-10 20:58:48.957057164,Electronics,Yoga Mat,4,624,2496
432,186,40,2025-06-11 09:57:11.659759864,Home,Jeans,3,656,1968
433,63,66,2025-06-11 22:55:34.362462568,Clothing,Yoga Mat,1,738,738
434,190,25,2025-06-12 11:53:57.065165272,Books,Jeans,2,725,1450
435,125,73,2025-06-13 00:52:19.767867972,Books,Headphones,4,375,1500
436,150,22,2025-06-13 13:50:42.470570676,Clothing,Table Lamp,1,599,599
437,58,4,2025-06-14 02:49:05.173273380,Books,Sofa,1,816,816
438,58,26,2025-06-14 15:47:27.875976080,Sports,T-Shirt,2,436,872
439,86,58,2025-06-15 04:45:50.578678784,Sports,Smartphone,2,580,1160
440,49,29,2025-06-15 17:44:13.281381488,Sports,Football,4,996,3984
441,180,98,2025-06-16 06:42:35.984084188,Electronics,Laptop,4,372,1488
442,170,87,2025-06-16 19:40:58.686786892,Clothing,T-Shirt,2,157,314
443,70,37,2025-06-17 08:39:21.389489596,Electronics,Laptop,4,427,1708
444,15,75,2025-06-17 21:37:44.092192296,Books,Sofa,2,830,1660
445,54,70,2025-06-18 10:36:06.794895000,Electronics,T-Shirt,1,208,208
446,188,18,2025-06-18 23:34:29.497597704,Books,Jeans,2,378,756
447,101,85,2025-06-19 12:32:52.200300404,Books,Jeans,2,785,1570
448,8,42,2025-06-20 01:31:14.903003108,Home,Football,3,427,1281
449,53,41,2025-06-20 14:29:37.605705812,Sports,Laptop,2,875,1750
450,60,38,2025-06-21 03:28:00.308408512,Books,Smartphone,2,414,828
451,108,34,2025-06-21 16:26:23.011111216,Home,Sofa,3,573,1719
452,5,17,2025-06-22 05:24:45.713813920,Sports,Jeans,4,210,840
453,103,37,2025-06-22 18:23:08.416516620,Books,Table Lamp,3,798,2394
454,196,25,2025-06-23 07:21:31.119219324,Books,Headphones,1,880,880
455,6,76,2025-06-23 20:19:53.821922028,Electronics,Headphones,3,328,984
456,109,87,2025-06-24 09:18:16.524624728,Electronics,Yoga Mat,1,596,596
457,116,86,2025-06-24 22:16:39.227327432,Sports,Smartphone,4,255,1020
458,94,85,2025-06-25 11:15:01.930030136,Books,Headphones,3,572,1716
459,47,27,2025-06-26 00:13:24.632732840,Clothing,Yoga Mat,3,800,2400
460,99,57,2025-06-26 13:11:47.335435540,Electronics,Laptop,4,371,1484
461,55,31,2025-06-27 02:10:10.038138244,Sports,Jeans,1,986,986
462,168,6,2025-06-27 15:08:32.740840948,Books,Jeans,3,101,303
463,52,91,2025-06-28 04:06:55.443543648,Books,Table Lamp,1,857,857
464,144,40,2025-06-28 17:05:18.146246352,Clothing,T-Shirt,3,821,2463
465,13,98,2025-06-29 06:03:40.848949056,Sports,Headphones,2,610,1220
466,114,12,2025-06-29 19:02:03.551651756,Books,Laptop,3,385,1155
467,124,53,2025-06-30 08:00:26.254354460,Electronics,Novel,4,970,3880
468,106,71,2025-06-30 20:58:48.957057164,Clothing,Headphones,4,112,448
469,158,10,2025-07-01 09:57:11.659759864,Sports,Smartphone,1,707,707
470,147,45,2025-07-01 22:55:34.362462568,Clothing,T-Shirt,3,597,1791
471,145,17,2025-07-02 11:53:57.065165272,Electronics,Headphones,1,832,832
472,120,26,2025-07-03 00:52:19.767867972,Sports,Laptop,1,337,337
473,63,85,2025-07-03 13:50:42.470570676,Clothing,Headphones,2,193,386
474,19,92,2025-07-04 02:49:05.173273380,Home,Smartphone,2,437,874
475,92,62,2025-07-04 15:47:27.875976080,Electronics,Novel,4,880,3520
476,58,46,2025-07-05 04:45:50.578678784,Electronics,Sofa,1,270,270
477,183,64,2025-07-05 17:44:13.281381488,Electronics,Football,4,705,2820
478,90,2,2025-07-06 06:42:35.984084188,Home,Novel,3,760,2280
479,117,54,2025-07-06 19:40:58.686786892,Home,Yoga Mat,1,723,723
480,62,65,2025-07-07 08:39:21.389489596,Books,Headphones,1,666,666
481,23,51,2025-07-07 21:37:44.092192296,Clothing,Jeans,3,948,2844
482,127,53,2025-07-08 10:36:06.794895000,Books,Table Lamp,3,566,1698
483,137,36,2025-07-08 23:34:29.497597704,Clothing,Jeans,4,727,2908
484,140,26,2025-07-09 12:32:52.200300404,Home,Novel,4,242,968
485,129,29,2025-07-10 01:31:14.903003108,Home,Jeans,3,300,900
486,58,21,2025-07-10 14:29:37.605705812,Books,Laptop,4,279,1116
487,122,11,2025-07-11 03:28:00.308408512,Sports,Jeans,3,813,2439
488,1,40,2025-07-11 16:26:23.011111216,Books,T-Shirt,1,463,463
489,34,11,2025-07-12 05:24:45.713813920,Clothing,Sofa,1,578,578
490,96,36,2025-07-12 18:23:08.416516620,Books,Headphones,2,664,1328
491,126,59,2025-07-13 07:21:31.119219324,Electronics,Jeans,1,570,570
492,118,39,2025-07-13 20:19:53.821922028,Clothing,Smartphone,3,483,1449
493,48,99,2025-07-14 09:18:16.524624728,Clothing,Sofa,4,791,3164
494,89,54,2025-07-14 22:16:39.227327432,Sports,Sofa,2,516,1032
495,117,98,2025-07-15 11:15:01.930030136,Home,Jeans,4,924,3696
496,129,55,2025-07-16 00:13:24.632732840,Clothing,Sofa,3,407,1221
497,16,24,2025-07-16 13:11:47.335435540,Home,Table Lamp,1,748,748
498,189,22,2025-07-17 02:10:10.038138244,Books,Jeans,2,793,1586
499,192,69,2025-07-17 15:08:32.740840948,Electronics,Laptop,3,466,1398
500,191,56,2025-07-18 04:06:55.443543648,Sports,Novel,2,100,200
501,69,33,2025-07-18 17:05:18.146246352,Home,T-Shirt,2,143,286
502,22,36,2025-07-19 06:03:40.848949056,Clothing,Football,1,838,838
503,93,20,2025-07-19 19:02:03.551651756,Home,Yoga Mat,3,942,2826
504,195,83,2025-07-20 08:00:26.254354460,Clothing,Sofa,4,197,788
505,76,99,2025-07-20 20:58:48.957057164,Home,Laptop,2,819,1638
506,154,81,2025-07-21 09:57:11.659759864,Clothing,Headphones,2,364,728
507,144,62,2025-07-21 22:55:34.362462568,Books,Headphones,4,899,3596
508,179,98,2025-07-22 11:53:57.065165272,Clothing,Yoga Mat,3,882,2646
509,86,73,2025-07-23 00:52:19.767867972,Clothing,T-Shirt,2,239,478
510,185,26,2025-07-23 13:50:42.470570676,Electronics,Sofa,2,580,1160
511,29,66,2025-07-24 02:49:05.173273380,Clothing,Table Lamp,2,336,672
512,69,73,2025-07-24 15:47:27.875976080,Electronics,Yoga Mat,3,171,513
513,47,73,2025-07-25 04:45:50.578678784,Sports,T-Shirt,3,766,2298
514,94,40,2025-07-25 17:44:13.281381488,Electronics,Sofa,4,289,1156
515,190,17,2025-07-26 06:42:35.984084188,Books,Laptop,3,367,1101
516,197,1,2025-07-26 19:40:58.686786892,Electronics,Novel,3,420,1260
517,144,89,2025-07-27 08:39:21.389489596,Sports,Table Lamp,1,206,206
518,176,61,2025-07-27 21:37:44.092192296,Books,Football,4,331,1324
519,85,43,2025-07-28 10:36:06.794895000,Home,Headphones,2,141,282
520,39,42,2025-07-28 23:34:29.497597704,Home,Smartphone,3,801,2403
521,100,25,2025-07-29 12:32:52.200300404,Electronics,Laptop,2,982,1964
522,33,39,2025-07-30 01:31:14.903003108,Electronics,Headphones,2,238,476
523,101,35,2025-07-30 14:29:37.605705812,Sports,Jeans,1,714,714
524,23,3,2025-07-31 03:28:00.308408512,Sports,Smartphone,3,782,2346
525,10,44,2025-07-31 16:26:23.011111216,Clothing,Headphones,4,962,3848
526,69,51,2025-08-01 05:24:45.713813920,Sports,T-Shirt,3,372,1116
527,100,94,2025-08-01 18:23:08.416516620,Clothing,Table Lamp,2,580,1160
528,34,98,2025-08-02 07:21:31.119219324,Books,Headphones,4,515,2060
529,180,12,2025-08-02 20:19:53.821922028,Electronics,Football,3,605,1815
530,138,19,2025-08-03 09:18:16.524624728,Books,Novel,2,832,1664
531,147,44,2025-08-03 22:16:39.227327432,Sports,T-Shirt,2,824,1648
532,186,59,2025-08-04 11:15:01.930030136,Books,Laptop,1,952,952
533,96,49,2025-08-05 00:13:24.632732840,Books,Laptop,1,523,523
534,1,61,2025-08-05 13:11:47.335435540,Books,Laptop,1,506,506
535,69,17,2025-08-06 02:10:10.038138244,Sports,Laptop,2,667,1334
536,4,74,2025-08-06 15:08:32.740840948,Books,Novel,3,489,1467
537,16,57,2025-08-07 04:06:55.443543648,Clothing,Headphones,1,441,441
538,24,55,2025-08-07 17:05:18.146246352,Sports,Sofa,3,713,2139
539,80,47,2025-08-08 06:03:40.848949056,Books,Headphones,1,592,592
540,2,12,2025-08-08 19:02:03.551651756,Sports,Jeans,4,291,1164
541,128,62,2025-08-09 08:00:26.254354460,Home,Table Lamp,4,598,2392
542,160,80,2025-08-09 20:58:48.957057164,Clothing,Smartphone,1,921,921
543,84,88,2025-08-10 09:57:11.659759864,Books,Sofa,2,811,1622
544,152,83,2025-08-10 22:55:34.362462568,Home,Sofa,1,332,332
545,140,8,2025-08-11 11:53:57.065165272,Home,Headphones,1,326,326
546,178,95,2025-08-12 00:52:19.767867972,Sports,Sofa,2,470,940
547,163,21,2025-08-12 13:50:42.470570676,Home,Yoga Mat,4,238,952
548,124,81,2025-08-13 02:49:05.173273380,Clothing,Yoga Mat,3,955,2865
549,33,87,2025-08-13 15:47:27.875976080,Clothing,Jeans,1,916,916
550,161,80,2025-08-14 04:45:50.578678784,Electronics,Smartphone,2,248,496
551,189,70,2025-08-14 17:44:13.281381488,Clothing,Football,1,214,214
552,179,72,2025-08-15 06:42:35.984084188,Home,Novel,2,549,1098
553,171,25,2025-08-15 19:40:58.686786892,Clothing,Headphones,3,162,486
554,101,82,2025-08-16 08:39:21.389489596,Sports,Novel,3,203,609
555,12,89,2025-08-16 21:37:44.092192296,Electronics,Football,4,950,3800
556,67,12,2025-08-17 10:36:06.794895000,Home,Headphones,2,970,1940
557,65,15,2025-08-17 23:34:29.497597704,Electronics,Headphones,2,767,1534
558,161,59,2025-08-18 12:32:52.200300404,Home,Smartphone,4,372,1488
559,168,26,2025-08-19 01:31:14.903003108,Sports,Novel,4,105,420
560,74,26,2025-08-19 14:29:37.605705812,Electronics,Yoga Mat,2,246,492
561,43,47,2025-08-20 03:28:00.308408512,Books,Laptop,4,283,1132
562,44,32,2025-08-20 16:26:23.011111216,Home,Novel,3,127,381
563,29,10,2025-08-21 05:24:45.713813920,Books,Table Lamp,1,649,649
564,141,16,2025-08-21 18:23:08.416516620,Electronics,Table Lamp,3,218,654
565,12,71,2025-08-22 07:21:31.119219324,Books,Headphones,4,392,1568
566,95,17,2025-08-22 20:19:53.821922028,Books,Laptop,2,470,940
567,46,23,2025-08-23 09:18:16.524624728,Electronics,T-Shirt,2,343,686
568,130,26,2025-08-23 22:16:39.227327432,Sports,Football,3,679,2037
569,35,85,2025-08-24 11:15:01.930030136,Books,Jeans,2,825,1650
570,81,86,2025-08-25 00:13:24.632732840,Books,Laptop,4,317,1268
571,90,7,2025-08-25 13:11:47.335435540,Sports,Jeans,3,276,828
572,8,14,2025-08-26 02:10:10.038138244,Books,Novel,2,398,796
573,93,79,2025-08-26 15:08:32.740840948,Books,Novel,1,775,775
574,154,7,2025-08-27 04:06:55.443543648,Books,Jeans,1,157,157
575,90,9,2025-08-27 17:05:18.146246352,Clothing,Football,4,368,1472
576,162,48,2025-08-28 06:03:40.848949056,Sports,Laptop,2,407,814
577,115,72,2025-08-28 19:02:03.551651756,Books,T-Shirt,4,669,2676
578,105,59,2025-08-29 08:00:26.254354460,Sports,Headphones,3,387,1161
579,135,87,2025-08-29 20:58:48.957057164,Home,Smartphone,1,204,204
580,196,93,2025-08-30 09:57:11.659759864,Home,Novel,3,327,981
581,58,82,2025-08-30 22:55:34.362462568,Books,Table Lamp,2,346,692
582,114,95,2025-08-31 11:53:57.065165272,Sports,Football,4,799,3196
583,75,94,2025-09-01 00:52:19.767867972,Sports,Smartphone,4,593,2372
584,157,39,2025-09-01 13:50:42.470570676,Sports,T-Shirt,4,182,728
585,120,99,2025-09-02 02:49:05.173273380,Clothing,Sofa,3,285,855
586,164,18,2025-09-02 15:47:27.875976080,Home,Headphones,1,351,351
587,21,59,2025-09-03 04:45:50.578678784,Sports,Novel,3,454,1362
588,164,17,2025-09-03 17:44:13.281381488,Sports,Headphones,3,849,2547
589,138,14,2025-09-04 06:42:35.984084188,Clothing,Smartphone,2,971,1942
590,101,31,2025-09-04 19:40:58.686786892,Clothing,Headphones,2,795,1590
591,152,24,2025-09-05 08:39:21.389489596,Sports,Sofa,2,895,1790
592,192,99,2025-09-05 21:37:44.092192296,Electronics,Smartphone,1,996,996
593,177,60,2025-09-06 10:36:06.794895000,Sports,Novel,1,309,309
594,99,45,2025-09-06 23:34:29.497597704,Sports,Laptop,2,915,1830
595,36,98,2025-09-07 12:32:52.200300404,Clothing,Table Lamp,2,907,1814
596,96,3,2025-09-08 01:31:14.903003108,Clothing,Smartphone,1,708,708
597,152,37,2025-09-08 14:29:37.605705812,Sports,Yoga Mat,4,546,2184
598,151,43,2025-09-09 03:28:00.308408512,Sports,Sofa,1,559,559
599,190,40,2025-09-09 16:26:23.011111216,Sports,Smartphone,1,571,571
600,37,90,2025-09-10 05:24:45.713813920,Clothing,Smartphone,1,819,819
601,12,55,2025-09-10 18:23:08.416516620,Sports,Yoga Mat,2,469,938
602,113,87,2025-09-11 07:21:31.119219324,Sports,Novel,4,999,3996
603,183,39,2025-09-11 20:19:53.821922028,Books,Smartphone,1,591,591
604,13,15,2025-09-12 09:18:16.524624728,Electronics,Table Lamp,2,236,472
605,23,4,2025-09-12 22:16:39.227327432,Home,Headphones,3,466,1398
606,99,93,2025-09-13 11:15:01.930030136,Electronics,Novel,3,283,849
607,105,86,2025-09-14 00:13:24.632732840,Books,Table Lamp,1,687,687
608,30,25,2025-09-14 13:11:47.335435540,Home,Novel,3,386,1158
609,17,13,2025-09-15 02:10:10.038138244,Sports,Table Lamp,4,571,2284
610,113,82,2025-09-15 15:08:32.740840948,Books,Sofa,3,474,1422
611,62,33,2025-09-16 04:06:55.443543648,Sports,Table Lamp,3,753,2259
612,84,16,2025-09-16 17:05:18.146246352,Clothing,Jeans,4,848,3392
613,112,42,2025-09-17 06:03:40.848949056,Books,Table Lamp,1,636,636
614,86,66,2025-09-17 19:02:03.551651756,Clothing,Laptop,1,610,610
615,141,55,2025-09-18 08:00:26.254354460,Books,Laptop,4,901,3604
616,187,99,2025-09-18 20:58:48.957057164,Books,Football,4,678,2712
617,19,42,2025-09-19 09:57:11.659759864,Clothing,Jeans,4,349,1396
618,177,34,2025-09-19 22:55:34.362462568,Home,Jeans,3,609,1827
619,100,30,2025-09-20 11:53:57.065165272,Electronics,Headphones,4,729,2916
620,140,13,2025-09-21 00:52:19.767867972,Sports,Jeans,2,172,344
621,189,13,2025-09-21 13:50:42.470570676,Books,Headphones,3,381,1143
622,147,18,2025-09-22 02:49:05.173273380,Sports,Football,1,459,459
623,76,32,2025-09-22 15:47:27.875976080,Clothing,Football,1,109,109
624,9,96,2025-09-23 04:45:50.578678784,Sports,Sofa,1,310,310
625,199,99,2025-09-23 17:44:13.281381488,Clothing,Laptop,3,934,2802
626,28,39,2025-09-24 06:42:35.984084188,Sports,Table Lamp,2,251,502
627,128,46,2025-09-24 19:40:58.686786892,Electronics,Table Lamp,4,104,416
628,52,29,2025-09-25 08:39:21.389489596,Electronics,Yoga Mat,4,294,1176
629,83,62,2025-09-25 21:37:44.092192296,Electronics,Yoga Mat,1,382,382
630,111,93,2025-09-26 10:36:06.794895000,Electronics,T-Shirt,1,563,563
631,144,62,2025-09-26 23:34:29.497597704,Electronics,Novel,3,212,636
632,117,57,2025-09-27 12:32:52.200300404,Electronics,Sofa,2,370,740
633,69,16,2025-09-28 01:31:14.903003108,Clothing,T-Shirt,4,262,1048
634,99,56,2025-09-28 14:29:37.605705812,Books,T-Shirt,3,559,1677
635,140,10,2025-09-29 03:28:00.308408512,Sports,Smartphone,4,204,816
636,25,30,2025-09-29 16:26:23.011111216,Electronics,Smartphone,1,792,792
637,180,25,2025-09-30 05:24:45.713813920,Clothing,T-Shirt,4,655,2620
638,123,84,2025-09-30 18:23:08.416516620,Clothing,Jeans,2,381,762
639,53,5,2025-10-01 07:21:31.119219324,Clothing,Novel,2,786,1572
640,151,65,2025-10-01 20:19:53.821922028,Books,Sofa,1,261,261
641,144,94,2025-10-02 09:18:16.524624728,Sports,T-Shirt,2,450,900
642,57,49,2025-10-02 22:16:39.227327432,Books,Table Lamp,2,533,1066
643,39,3,2025-10-03 11:15:01.930030136,Home,Novel,3,951,2853
644,109,45,2025-10-04 00:13:24.632732840,Clothing,Smartphone,4,239,956
645,181,14,2025-10-04 13:11:47.335435540,Home,Table Lamp,1,570,570
646,42,30,2025-10-05 02:10:10.038138244,Electronics,Smartphone,1,231,231
647,186,68,2025-10-05 15:08:32.740840948,Electronics,Smartphone,1,186,186
648,167,18,2025-10-06 04:06:55.443543648,Books,Novel,1,787,787
649,142,62,2025-10-06 17:05:18.146246352,Sports,Smartphone,1,282,282
650,122,37,2025-10-07 06:03:40.848949056,Home,Football,2,467,934
651,133,25,2025-10-07 19:02:03.551651756,Sports,Laptop,3,228,684
652,163,48,2025-10-08 08:00:26.254354460,Books,Football,1,345,345
653,75,65,2025-10-08 20:58:48.957057164,Electronics,Laptop,3,700,2100
654,146,53,2025-10-09 09:57:11.659759864,Sports,Yoga Mat,3,677,2031
655,76,79,2025-10-09 22:55:34.362462568,Sports,Yoga Mat,2,769,1538
656,9,73,2025-10-10 11:53:57.065165272,Electronics,Smartphone,1,998,998
657,74,15,2025-10-11 00:52:19.767867972,Home,Sofa,2,477,954
658,186,49,2025-10-11 13:50:42.470570676,Electronics,Sofa,1,248,248
659,145,88,2025-10-12 02:49:05.173273380,Sports,Laptop,2,951,1902
660,7,68,2025-10-12 15:47:27.875976080,Home,Table Lamp,3,532,1596
661,174,12,2025-10-13 04:45:50.578678784,Home,Novel,1,727,727
662,141,59,2025-10-13 17:44:13.281381488,Electronics,Smartphone,4,825,3300
663,168,37,2025-10-14 06:42:35.984084188,Sports,Novel,3,568,1704
664,170,61,2025-10-14 19:40:58.686786892,Books,Football,4,545,2180
665,137,43,2025-10-15 08:39:21.389489596,Sports,Sofa,3,580,1740
666,178,70,2025-10-15 21:37:44.092192296,Clothing,Jeans,2,983,1966
667,27,39,2025-10-16 10:36:06.794895000,Books,Football,1,393,393
668,122,56,2025-10-16 23:34:29.497597704,Home,Football,3,864,2592
669,194,63,2025-10-17 12:32:52.200300404,Books,Laptop,2,242,484
670,5,46,2025-10-18 01:31:14.903003108,Home,Headphones,1,349,349
671,29,88,2025-10-18 14:29:37.605705812,Home,Football,1,977,977
672,165,11,2025-10-19 03:28:00.308408512,Books,Smartphone,3,401,1203
673,166,62,2025-10-19 16:26:23.011111216,Home,T-Shirt,1,124,124
674,83,77,2025-10-20 05:24:45.713813920,Home,T-Shirt,3,888,2664
675,136,98,2025-10-20 18:23:08.416516620,Clothing,Smartphone,1,988,988
676,109,25,2025-10-21 07:21:31.119219324,Sports,Headphones,4,989,3956
677,65,71,2025-10-21 20:19:53.821922028,Sports,Headphones,2,169,338
678,86,52,2025-10-22 09:18:16.524624732,Clothing,Laptop,4,724,2896
679,145,4,2025-10-22 22:16:39.227327432,Books,Sofa,3,974,2922
680,71,59,2025-10-23 11:15:01.930030136,Electronics,Novel,4,211,844
681,45,72,2025-10-24 00:13:24.632732840,Electronics,Headphones,3,463,1389
682,132,20,2025-10-24 13:11:47.335435540,Electronics,Jeans,1,402,402
683,36,93,2025-10-25 02:10:10.038138244,Clothing,Laptop,1,570,570
684,70,63,2025-10-25 15:08:32.740840948,Clothing,Yoga Mat,3,190,570
685,159,54,2025-10-26 04:06:55.443543648,Home,Table Lamp,4,629,2516
686,19,74,2025-10-26 17:05:18.146246352,Electronics,Yoga Mat,1,760,760
687,189,98,2025-10-27 06:03:40.848949056,Books,Laptop,2,838,1676
688,108,57,2025-10-27 19:02:03.551651756,Books,Football,1,825,825
689,182,90,2025-10-28 08:00:26.254354460,Electronics,Novel,2,971,1942
690,167,41,2025-10-28 20:58:48.957057164,Electronics,Table Lamp,4,762,3048
691,91,3,2025-10-29 09:57:11.659759864,Electronics,Yoga Mat,2,291,582
692,90,6,2025-10-29 22:55:34.362462568,Clothing,Table Lamp,2,651,1302
693,19,5,2025-10-30 11:53:57.065165272,Clothing,Jeans,2,341,682
694,39,5,2025-10-31 00:52:19.767867972,Clothing,Jeans,2,237,474
695,126,54,2025-10-31 13:50:42.470570676,Sports,Jeans,1,444,444
696,195,47,2025-11-01 02:49:05.173273380,Books,Laptop,2,279,558
697,173,87,2025-11-01 15:47:27.875976080,Books,Novel,1,811,811
698,141,49,2025-11-02 04:45:50.578678784,Home,Laptop,2,602,1204
699,126,9,2025-11-02 17:44:13.281381488,Clothing,T-Shirt,3,302,906
700,58,99,2025-11-03 06:42:35.984084188,Sports,Football,4,672,2688
701,148,20,2025-11-03 19:40:58.686786892,Sports,Football,2,291,582
702,61,61,2025-11-04 08:39:21.389489596,Books,Jeans,3,104,312
703,127,35,2025-11-04 21:37:44.092192296,Clothing,T-Shirt,2,989,1978
704,105,50,2025-11-05 10:36:06.794895000,Home,Headphones,2,336,672
705,167,82,2025-11-05 23:34:29.497597704,Clothing,Headphones,2,792,1584
706,1,62,2025-11-06 12:32:52.200300404,Electronics,Jeans,3,410,1230
707,131,17,2025-11-07 01:31:14.903003108,Clothing,Yoga Mat,4,648,2592
708,92,88,2025-11-07 14:29:37.605705812,Electronics,Laptop,3,155,465
709,190,3,2025-11-08 03:28:00.308408512,Electronics,Jeans,4,542,2168
710,191,32,2025-11-08 16:26:23.011111216,Home,Sofa,2,336,672
711,113,99,2025-11-09 05:24:45.713813920,Books,Table Lamp,1,969,969
712,153,13,2025-11-09 18:23:08.416516620,Clothing,Football,2,960,1920
713,56,89,2025-11-10 07:21:31.119219324,Electronics,Headphones,4,296,1184
714,161,73,2025-11-10 20:19:53.821922028,Clothing,Smartphone,3,684,2052
715,166,68,2025-11-11 09:18:16.524624732,Books,Headphones,2,670,1340
716,117,14,2025-11-11 22:16:39.227327432,Books,Football,3,851,2553
717,134,98,2025-11-12 11:15:01.930030136,Sports,Table Lamp,3,613,1839
718,58,11,2025-11-13 00:13:24.632732840,Books,Football,3,548,1644
719,44,56,2025-11-13 13:11:47.335435540,Home,Smartphone,2,459,918
720,173,67,2025-11-14 02:10:10.038138244,Electronics,Jeans,3,799,2397
721,160,92,2025-11-14 15:08:32.740840948,Sports,T-Shirt,3,918,2754
722,173,29,2025-11-15 04:06:55.443543648,Home,Smartphone,2,129,258
723,61,9,2025-11-15 17:05:18.146246352,Clothing,Football,3,878,2634
724,47,67,2025-11-16 06:03:40.848949056,Electronics,Football,2,207,414
725,149,25,2025-11-16 19:02:03.551651756,Books,Sofa,4,943,3772
726,80,98,2025-11-17 08:00:26.254354460,Electronics,Sofa,4,701,2804
727,118,76,2025-11-17 20:58:48.957057164,Clothing,Novel,4,816,3264
728,164,42,2025-11-18 09:57:11.659759864,Sports,Sofa,3,990,2970
729,147,9,2025-11-18 22:55:34.362462568,Sports,Laptop,1,544,544
730,20,79,2025-11-19 11:53:57.065165272,Sports,T-Shirt,1,992,992
731,185,40,2025-11-20 00:52:19.767867972,Books,Table Lamp,3,537,1611
732,146,25,2025-11-20 13:50:42.470570676,Home,Smartphone,1,831,831
733,47,5,2025-11-21 02:49:05.173273380,Home,Football,2,989,1978
734,49,11,2025-11-21 15:47:27.875976080,Electronics,Novel,1,705,705
735,14,59,2025-11-22 04:45:50.578678784,Books,Novel,3,556,1668
736,143,98,2025-11-22 17:44:13.281381488,Sports,Table Lamp,3,714,2142
737,159,88,2025-11-23 06:42:35.984084188,Sports,T-Shirt,2,834,1668
738,1,79,2025-11-23 19:40:58.686786892,Clothing,Smartphone,4,797,3188
739,117,38,2025-11-24 08:39:21.389489596,Clothing,Headphones,3,795,2385
740,54,72,2025-11-24 21:37:44.092192296,Sports,Sofa,2,594,1188
741,118,5,2025-11-25 10:36:06.794895000,Sports,Jeans,1,773,773
742,3,48,2025-11-25 23:34:29.497597704,Books,Novel,1,346,346
743,144,90,2025-11-26 12:32:52.200300404,Home,Sofa,2,642,1284
744,185,18,2025-11-27 01:31:14.903003108,Clothing,Sofa,2,663,1326
745,12,70,2025-11-27 14:29:37.605705812,Home,Laptop,3,956,2868
746,74,37,2025-11-28 03:28:00.308408512,Books,T-Shirt,1,687,687
747,16,60,2025-11-28 16:26:23.011111216,Sports,Jeans,2,996,1992
748,102,48,2025-11-29 05:24:45.713813920,Home,Headphones,1,538,538
749,152,77,2025-11-29 18:23:08.416516620,Sports,Football,2,377,754
750,156,28,2025-11-30 07:21:31.119219324,Sports,Laptop,1,651,651
751,117,69,2025-11-30 20:19:53.821922028,Electronics,Sofa,4,712,2848
752,8,77,2025-12-01 09:18:16.524624732,Home,Sofa,3,210,630
753,122,81,2025-12-01 22:16:39.227327432,Home,Yoga Mat,1,484,484
754,92,40,2025-12-02 11:15:01.930030136,Sports,Jeans,4,932,3728
755,164,45,2025-12-03 00:13:24.632732840,Books,Jeans,1,860,860
756,90,96,2025-12-03 13:11:47.335435540,Electronics,Yoga Mat,1,290,290
757,136,62,2025-12-04 02:10:10.038138244,Sports,Jeans,4,589,2356
758,186,93,2025-12-04 15:08:32.740840948,Clothing,Sofa,1,793,793
759,60,58,2025-12-05 04:06:55.443543648,Clothing,Novel,1,525,525
760,178,67,2025-12-05 17:05:18.146246352,Electronics,Smartphone,3,504,1512
761,28,56,2025-12-06 06:03:40.848949056,Books,Sofa,4,434,1736
762,101,40,2025-12-06 19:02:03.551651756,Sports,Laptop,4,308,1232
763,41,98,2025-12-07 08:00:26.254354460,Home,T-Shirt,2,121,242
764,192,40,2025-12-07 20:58:48.957057164,Electronics,Yoga Mat,1,777,777
765,155,91,2025-12-08 09:57:11.659759864,Books,Headphones,3,710,2130
766,191,77,2025-12-08 22:55:34.362462568,Home,Football,1,307,307
767,145,33,2025-12-09 11:53:57.065165272,Clothing,Headphones,1,107,107
768,161,6,2025-12-10 00:52:19.767867972,Clothing,Sofa,2,801,1602
769,157,88,2025-12-10 13:50:42.470570676,Home,Laptop,1,786,786
770,141,19,2025-12-11 02:49:05.173273380,Electronics,Sofa,3,884,2652
771,46,80,2025-12-11 15:47:27.875976080,Clothing,T-Shirt,3,628,1884
772,35,40,2025-12-12 04:45:50.578678784,Sports,Novel,2,701,1402
773,134,92,2025-12-12 17:44:13.281381488,Home,Football,1,752,752
774,82,97,2025-12-13 06:42:35.984084192,Home,T-Shirt,3,756,2268
775,115,59,2025-12-13 19:40:58.686786896,Clothing,Yoga Mat,1,265,265
776,197,59,2025-12-14 08:39:21.389489592,Electronics,Yoga Mat,1,948,948
777,47,48,2025-12-14 21:37:44.092192296,Sports,Sofa,1,595,595
778,153,41,2025-12-15 10:36:06.794895000,Electronics,Laptop,2,689,1378
779,194,13,2025-12-15 23:34:29.497597704,Books,T-Shirt,1,528,528
780,10,45,2025-12-16 12:32:52.200300408,Books,Table Lamp,3,873,2619
781,56,89,2025-12-17 01:31:14.903003112,Clothing,Laptop,1,262,262
782,30,53,2025-12-17 14:29:37.605705808,Clothing,Novel,3,465,1395
783,109,42,2025-12-18 03:28:00.308408512,Clothing,Yoga Mat,1,625,625
784,5,63,2025-12-18 16:26:23.011111216,Books,Sofa,3,338,1014
785,119,27,2025-12-19 05:24:45.713813920,Electronics,Jeans,3,171,513
786,33,38,2025-12-19 18:23:08.416516624,Electronics,Yoga Mat,1,544,544
787,118,60,2025-12-20 07:21:31.119219328,Clothing,Football,1,754,754
788,65,7,2025-12-20 20:19:53.821922024,Sports,Smartphone,3,921,2763
789,146,5,2025-12-21 09:18:16.524624728,Electronics,Jeans,4,608,2432
790,177,45,2025-12-21 22:16:39.227327432,Books,Sofa,2,894,1788
791,11,58,2025-12-22 11:15:01.930030136,Home,Table Lamp,4,368,1472
792,85,31,2025-12-23 00:13:24.632732840,Home,Jeans,4,852,3408
793,26,23,2025-12-23 13:11:47.335435544,Home,Football,1,514,514
794,63,42,2025-12-24 02:10:10.038138240,Sports,Laptop,2,344,688
795,86,10,2025-12-24 15:08:32.740840944,Clothing,Table Lamp,4,774,3096
796,59,32,2025-12-25 04:06:55.443543648,Books,Yoga Mat,1,159,159
797,27,53,2025-12-25 17:05:18.146246352,Sports,Table Lamp,4,105,420
798,177,30,2025-12-26 06:03:40.848949056,Books,T-Shirt,4,808,3232
799,161,39,2025-12-26 19:02:03.551651760,Books,Football,1,669,669
800,98,31,2025-12-27 08:00:26.254354456,Clothing,Jeans,1,916,916
801,105,82,2025-12-27 20:58:48.957057160,Home,T-Shirt,1,506,506
802,99,2,2025-12-28 09:57:11.659759864,Clothing,Table Lamp,2,316,632
803,129,78,2025-12-28 22:55:34.362462568,Sports,T-Shirt,4,125,500
804,149,77,2025-12-29 11:53:57.065165272,Sports,Headphones,1,914,914
805,55,93,2025-12-30 00:52:19.767867976,Sports,Football,3,104,312
806,6,12,2025-12-30 13:50:42.470570680,Clothing,Novel,4,631,2524
807,197,39,2025-12-31 02:49:05.173273376,Books,Laptop,3,489,1467
808,95,66,2025-12-31 15:47:27.875976080,Books,Table Lamp,2,809,1618
809,133,96,2026-01-01 04:45:50.578678784,Electronics,Football,1,670,670
810,102,13,2026-01-01 17:44:13.281381488,Sports,Novel,3,547,1641
811,3,46,2026-01-02 06:42:35.984084192,Books,Novel,2,853,1706
812,181,27,2026-01-02 19:40:58.686786896,Electronics,Sofa,1,245,245
813,23,17,2026-01-03 08:39:21.389489592,Books,T-Shirt,3,487,1461
814,53,95,2026-01-03 21:37:44.092192296,Sports,Novel,3,884,2652
815,165,98,2026-01-04 10:36:06.794895000,Home,Headphones,2,348,696
816,83,60,2026-01-04 23:34:29.497597704,Sports,Football,1,625,625
817,145,64,2026-01-05 12:32:52.200300408,Clothing,Smartphone,1,561,561
818,85,88,2026-01-06 01:31:14.903003112,Books,Smartphone,3,112,336
819,78,35,2026-01-06 14:29:37.605705808,Books,Table Lamp,3,483,1449
820,110,70,2026-01-07 03:28:00.308408512,Clothing,Yoga Mat,3,655,1965
821,1,83,2026-01-07 16:26:23.011111216,Clothing,T-Shirt,1,986,986
822,51,30,2026-01-08 05:24:45.713813920,Home,Yoga Mat,2,498,996
823,173,71,2026-01-08 18:23:08.416516624,Books,Novel,2,118,236
824,4,74,2026-01-09 07:21:31.119219328,Books,Football,1,674,674
825,190,96,2026-01-09 20:19:53.821922024,Home,Table Lamp,4,590,2360
826,193,98,2026-01-10 09:18:16.524624728,Electronics,Jeans,2,850,1700
827,113,63,2026-01-10 22:16:39.227327432,Home,Novel,3,518,1554
828,32,28,2026-01-11 11:15:01.930030136,Sports,T-Shirt,4,436,1744
829,34,60,2026-01-12 00:13:24.632732840,Books,Smartphone,4,518,2072
830,92,79,2026-01-12 13:11:47.335435544,Clothing,Sofa,2,711,1422
831,95,94,2026-01-13 02:10:10.038138240,Sports,Football,4,774,3096
832,72,37,2026-01-13 15:08:32.740840944,Books,Laptop,4,221,884
833,39,93,2026-01-14 04:06:55.443543648,Home,Yoga Mat,2,531,1062
834,154,22,2026-01-14 17:05:18.146246352,Sports,Table Lamp,2,143,286
835,162,68,2026-01-15 06:03:40.848949056,Books,Yoga Mat,4,971,3884
836,182,20,2026-01-15 19:02:03.551651760,Electronics,Football,3,416,1248
837,118,96,2026-01-16 08:00:26.254354456,Electronics,Yoga Mat,1,480,480
838,3,68,2026-01-16 20:58:48.957057160,Clothing,Football,4,244,976
839,123,91,2026-01-17 09:57:11.659759864,Books,Yoga Mat,4,426,1704
840,50,64,2026-01-17 22:55:34.362462568,Electronics,Headphones,3,462,1386
841,12,17,2026-01-18 11:53:57.065165272,Home,Jeans,4,149,596
842,193,12,2026-01-19 00:52:19.767867976,Books,Novel,4,164,656
843,54,22,2026-01-19 13:50:42.470570680,Home,Novel,1,454,454
844,133,17,2026-01-20 02:49:05.173273376,Home,T-Shirt,1,899,899
845,57,10,2026-01-20 15:47:27.875976080,Electronics,Laptop,1,263,263
846,145,65,2026-01-21 04:45:50.578678784,Books,Laptop,2,240,480
847,112,22,2026-01-21 17:44:13.281381488,Sports,T-Shirt,2,925,1850
848,47,90,2026-01-22 06:42:35.984084192,Electronics,Sofa,1,227,227
849,151,82,2026-01-22 19:40:58.686786896,Electronics,Novel,1,497,497
850,85,50,2026-01-23 08:39:21.389489592,Books,Sofa,2,979,1958
851,142,14,2026-01-23 21:37:44.092192296,Books,Football,3,562,1686
852,66,64,2026-01-24 10:36:06.794895000,Home,Football,4,850,3400
853,75,47,2026-01-24 23:34:29.497597704,Books,Smartphone,4,935,3740
854,179,29,2026-01-25 12:32:52.200300408,Home,Yoga Mat,1,907,907
855,103,76,2026-01-26 01:31:14.903003112,Electronics,Laptop,3,286,858
856,166,36,2026-01-26 14:29:37.605705808,Clothing,Smartphone,2,819,1638
857,192,99,2026-01-27 03:28:00.308408512,Sports,Jeans,1,831,831
858,38,52,2026-01-27 16:26:23.011111216,Electronics,T-Shirt,3,289,867
859,50,76,2026-01-28 05:24:45.713813920,Books,T-Shirt,3,487,1461
860,98,7,2026-01-28 18:23:08.416516624,Sports,Football,3,528,1584
861,82,29,2026-01-29 07:21:31.119219328,Clothing,Novel,2,957,1914
862,30,11,2026-01-29 20:19:53.821922024,Clothing,Sofa,2,383,766
863,79,33,2026-01-30 09:18:16.524624728,Home,Laptop,4,963,3852
864,91,6,2026-01-30 22:16:39.227327432,Sports,Smartphone,4,336,1344
865,179,79,2026-01-31 11:15:01.930030136,Home,Sofa,3,293,879
866,191,32,2026-02-01 00:13:24.632732840,Electronics,Smartphone,3,386,1158
867,52,51,2026-02-01 13:11:47.335435544,Sports,Yoga Mat,2,870,1740
868,166,75,2026-02-02 02:10:10.038138240,Electronics,Jeans,4,857,3428
869,79,58,2026-02-02 15:08:32.740840944,Home,Jeans,3,235,705
870,30,87,2026-02-03 04:06:55.443543648,Sports,Sofa,4,891,3564
871,106,26,2026-02-03 17:05:18.146246352,Home,Sofa,4,882,3528
872,51,98,2026-02-04 06:03:40.848949056,Sports,Sofa,3,270,810
873,81,46,2026-02-04 19:02:03.551651760,Home,Smartphone,2,258,516
874,133,98,2026-02-05 08:00:26.254354456,Clothing,Yoga Mat,3,300,900
875,29,29,2026-02-05 20:58:48.957057160,Home,Headphones,3,586,1758
876,132,4,2026-02-06 09:57:11.659759864,Clothing,Sofa,4,656,2624
877,138,81,2026-02-06 22:55:34.362462568,Home,Novel,3,875,2625
878,184,99,2026-02-07 11:53:57.065165272,Sports,Laptop,2,682,1364
879,145,13,2026-02-08 00:52:19.767867976,Sports,Laptop,3,603,1809
880,74,39,2026-02-08 13:50:42.470570680,Sports,Smartphone,2,975,1950
881,17,15,2026-02-09 02:49:05.173273376,Books,Sofa,2,470,940
882,84,29,2026-02-09 15:47:27.875976080,Electronics,Football,4,202,808
883,69,29,2026-02-10 04:45:50.578678784,Sports,T-Shirt,1,224,224
884,34,75,2026-02-10 17:44:13.281381488,Clothing,Headphones,1,412,412
885,6,32,2026-02-11 06:42:35.984084192,Sports,Novel,4,897,3588
886,53,2,2026-02-11 19:40:58.686786896,Books,Yoga Mat,3,557,1671
887,194,47,2026-02-12 08:39:21.389489592,Clothing,Football,4,329,1316
888,126,78,2026-02-12 21:37:44.092192296,Books,Jeans,2,757,1514
889,43,84,2026-02-13 10:36:06.794895000,Clothing,Football,1,981,981
890,115,22,2026-02-13 23:34:29.497597704,Home,Smartphone,4,296,1184
891,111,75,2026-02-14 12:32:52.200300408,Electronics,Headphones,3,984,2952
892,151,27,2026-02-15 01:31:14.903003112,Electronics,Table Lamp,4,832,3328
893,183,67,2026-02-15 14:29:37.605705808,Books,Table Lamp,1,522,522
894,80,81,2026-02-16 03:28:00.308408512,Electronics,Sofa,4,671,2684
895,95,56,2026-02-16 16:26:23.011111216,Books,Sofa,4,709,2836
896,118,92,2026-02-17 05:24:45.713813920,Books,Smartphone,1,270,270
897,144,93,2026-02-17 18:23:08.416516624,Books,Yoga Mat,2,481,962
898,8,21,2026-02-18 07:21:31.119219328,Electronics,Sofa,2,272,544
899,132,47,2026-02-18 20:19:53.821922024,Books,T-Shirt,1,762,762
900,104,80,2026-02-19 09:18:16.524624728,Electronics,Headphones,4,552,2208
901,132,59,2026-02-19 22:16:39.227327432,Books,Smartphone,1,449,449
902,184,84,2026-02-20 11:15:01.930030136,Sports,Laptop,2,733,1466
903,25,6,2026-02-21 00:13:24.632732840,Books,Jeans,3,593,1779
904,195,19,2026-02-21 13:11:47.335435544,Clothing,Smartphone,4,719,2876
905,96,57,2026-02-22 02:10:10.038138240,Books,Smartphone,2,103,206
906,195,69,2026-02-22 15:08:32.740840944,Home,Table Lamp,4,192,768
907,155,3,2026-02-23 04:06:55.443543648,Books,Novel,1,105,105
908,93,1,2026-02-23 17:05:18.146246352,Clothing,Yoga Mat,3,387,1161
909,160,58,2026-02-24 06:03:40.848949056,Clothing,Novel,1,717,717
910,178,38,2026-02-24 19:02:03.551651760,Electronics,T-Shirt,3,245,735
911,61,15,2026-02-25 08:00:26.254354456,Sports,Laptop,4,882,3528
912,122,34,2026-02-25 20:58:48.957057160,Books,Table Lamp,4,523,2092
913,51,61,2026-02-26 09:57:11.659759864,Electronics,Laptop,1,989,989
914,147,35,2026-02-26 22:55:34.362462568,Sports,T-Shirt,3,707,2121
915,21,64,2026-02-27 11:53:57.065165272,Books,Novel,3,556,1668
916,5,25,2026-02-28 00:52:19.767867976,Home,Smartphone,4,840,3360
917,92,24,2026-02-28 13:50:42.470570680,Books,Sofa,1,301,301
918,170,12,2026-03-01 02:49:05.173273376,Clothing,Sofa,3,311,933
919,61,18,2026-03-01 15:47:27.875976080,Clothing,Football,4,105,420
920,22,15,2026-03-02 04:45:50.578678784,Home,Jeans,2,723,1446
921,149,80,2026-03-02 17:44:13.281381488,Electronics,Yoga Mat,1,475,475
922,70,27,2026-03-03 06:42:35.984084192,Sports,T-Shirt,2,990,1980
923,1,72,2026-03-03 19:40:58.686786896,Books,Jeans,1,546,546
924,133,60,2026-03-04 08:39:21.389489592,Clothing,Yoga Mat,4,934,3736
925,12,46,2026-03-04 21:37:44.092192296,Electronics,Jeans,3,205,615
926,90,89,2026-03-05 10:36:06.794895000,Home,Novel,3,750,2250
927,46,17,2026-03-05 23:34:29.497597704,Clothing,Yoga Mat,3,910,2730
928,34,93,2026-03-06 12:32:52.200300408,Home,Novel,1,500,500
929,177,53,2026-03-07 01:31:14.903003112,Books,Smartphone,4,195,780
930,78,8,2026-03-07 14:29:37.605705808,Sports,Table Lamp,2,487,974
931,45,79,2026-03-08 03:28:00.308408512,Clothing,Novel,4,551,2204
932,155,27,2026-03-08 16:26:23.011111216,Clothing,Sofa,2,948,1896
933,73,46,2026-03-09 05:24:45.713813920,Books,Jeans,1,908,908
934,26,50,2026-03-09 18:23:08.416516624,Electronics,Football,1,515,515
935,47,71,2026-03-10 07:21:31.119219328,Sports,Headphones,2,825,1650
936,121,3,2026-03-10 20:19:53.821922024,Clothing,Yoga Mat,2,603,1206
937,56,93,2026-03-11 09:18:16.524624728,Sports,T-Shirt,2,553,1106
938,94,64,2026-03-11 22:16:39.227327432,Clothing,Football,4,390,1560
939,107,44,2026-03-12 11:15:01.930030136,Sports,Sofa,2,633,1266
940,63,53,2026-03-13 00:13:24.632732840,Home,Novel,1,292,292
941,48,24,2026-03-13 13:11:47.335435544,Clothing,Table Lamp,1,249,249
942,61,60,2026-03-14 02:10:10.038138240,Sports,Smartphone,3,979,2937
943,81,3,2026-03-14 15:08:32.740840944,Electronics,Headphones,2,858,1716
944,26,20,2026-03-15 04:06:55.443543648,Home,Laptop,4,878,3512
945,36,46,2026-03-15 17:05:18.146246352,Home,Football,4,862,3448
946,1,15,2026-03-16 06:03:40.848949056,Electronics,Table Lamp,4,614,2456
947,8,25,2026-03-16 19:02:03.551651760,Sports,Laptop,3,492,1476
948,113,94,2026-03-17 08:00:26.254354456,Books,Headphones,1,415,415
949,99,78,2026-03-17 20:58:48.957057160,Electronics,T-Shirt,4,175,700
950,180,71,2026-03-18 09:57:11.659759864,Sports,T-Shirt,1,698,698
951,47,17,2026-03-18 22:55:34.362462568,Electronics,Jeans,3,369,1107
952,127,84,2026-03-19 11:53:57.065165272,Electronics,Headphones,2,324,648
953,56,9,2026-03-20 00:52:19.767867976,Clothing,Headphones,2,629,1258
954,14,38,2026-03-20 13:50:42.470570680,Sports,Laptop,2,212,424
955,28,48,2026-03-21 02:49:05.173273376,Books,Table Lamp,4,350,1400
956,78,60,2026-03-21 15:47:27.875976080,Clothing,Yoga Mat,2,332,664
957,130,63,2026-03-22 04:45:50.578678784,Electronics,Laptop,4,940,3760
958,109,86,2026-03-22 17:44:13.281381488,Electronics,Smartphone,3,890,2670
959,154,2,2026-03-23 06:42:35.984084192,Electronics,T-Shirt,3,813,2439
960,14,88,2026-03-23 19:40:58.686786896,Sports,T-Shirt,4,182,728
961,187,72,2026-03-24 08:39:21.389489592,Sports,Jeans,1,224,224
962,56,11,2026-03-24 21:37:44.092192296,Clothing,Smartphone,2,274,548
963,115,64,2026-03-25 10:36:06.794895000,Books,T-Shirt,2,168,336
964,7,77,2026-03-25 23:34:29.497597704,Clothing,Laptop,2,146,292
965,3,81,2026-03-26 12:32:52.200300408,Home,Smartphone,4,983,3932
966,111,72,2026-03-27 01:31:14.903003112,Electronics,Laptop,3,355,1065
967,151,21,2026-03-27 14:29:37.605705808,Electronics,Yoga Mat,2,826,1652
968,107,18,2026-03-28 03:28:00.308408512,Electronics,Yoga Mat,3,129,387
969,18,94,2026-03-28 16:26:23.011111216,Clothing,T-Shirt,2,380,760
970,38,64,2026-03-29 05:24:45.713813920,Clothing,T-Shirt,2,336,672
971,115,82,2026-03-29 18:23:08.416516624,Electronics,Table Lamp,4,347,1388
972,15,95,2026-03-30 07:21:31.119219328,Clothing,Yoga Mat,1,467,467
973,192,38,2026-03-30 20:19:53.821922024,Sports,Football,4,594,2376
974,119,32,2026-03-31 09:18:16.524624728,Sports,Football,2,124,248
975,28,11,2026-03-31 22:16:39.227327432,Clothing,Jeans,2,685,1370
976,39,45,2026-04-01 11:15:01.930030136,Electronics,Yoga Mat,1,817,817
977,185,89,2026-04-02 00:13:24.632732840,Clothing,Laptop,3,589,1767
978,17,33,2026-04-02 13:11:47.335435544,Clothing,Laptop,3,593,1779
979,86,41,2026-04-03 02:10:10.038138240,Clothing,Sofa,2,413,826
980,126,8,2026-04-03 15:08:32.740840944,Home,Smartphone,3,705,2115
981,44,11,2026-04-04 04:06:55.443543648,Sports,Novel,2,474,948
982,25,86,2026-04-04 17:05:18.146246352,Books,Football,1,738,738
983,145,51,2026-04-05 06:03:40.848949056,Books,T-Shirt,1,124,124
984,13,88,2026-04-05 19:02:03.551651760,Home,Jeans,2,433,866
985,25,41,2026-04-06 08:00:26.254354456,Clothing,Novel,1,454,454
986,68,17,2026-04-06 20:58:48.957057160,Home,Headphones,4,215,860
987,138,76,2026-04-07 09:57:11.659759864,Home,Jeans,4,147,588
988,67,46,2026-04-07 22:55:34.362462568,Electronics,Headphones,1,837,837
989,109,32,2026-04-08 11:53:57.065165272,Sports,Yoga Mat,2,877,1754
990,146,79,2026-04-09 00:52:19.767867976,Books,Headphones,2,198,396
991,111,80,2026-04-09 13:50:42.470570680,Clothing,Headphones,1,558,558
992,111,54,2026-04-10 02:49:05.173273376,Books,Table Lamp,3,622,1866
993,34,86,2026-04-10 15:47:27.875976080,Books,Table Lamp,4,696,2784
994,111,92,2026-04-11 04:45:50.578678784,Sports,Table Lamp,3,504,1512
995,8,20,2026-04-11 17:44:13.281381488,Books,Yoga Mat,2,313,626
996,168,33,2026-04-12 06:42:35.984084192,Books,Novel,2,784,1568
997,113,74,2026-04-12 19:40:58.686786896,Home,Jeans,3,602,1806
998,83,40,2026-04-13 08:39:21.389489592,Sports,Jeans,1,820,820
999,42,32,2026-04-13 21:37:44.092192296,Electronics,T-Shirt,3,547,1641
1000,169,97,2026-04-14 10:36:06.794895000,Clothing,Table Lamp,3,993,2979
